{
  "layer_indices": [
    0,
    1,
    2,
    3,
    4,
    5,
    6,
    7,
    8,
    9,
    10,
    11,
    12,
    13,
    14,
    15,
    16,
    17,
    18,
    19,
    20,
    21,
    22,
    23,
    24,
    25,
    26,
    27,
    28,
    29,
    30,
    31,
    32,
    33,
    34,
    35,
    36
  ],
  "full_probe_acc": [
    1.0,
    1.0,
    1.0,
    1.0,
    1.0,
    1.0,
    1.0,
    1.0,
    1.0,
    1.0,
    1.0,
    1.0,
    1.0,
    1.0,
    1.0,
    1.0,
    1.0,
    1.0,
    1.0,
    1.0,
    1.0,
    1.0,
    1.0,
    1.0,
    1.0,
    1.0,
    1.0,
    1.0,
    1.0,
    1.0,
    1.0,
    1.0,
    1.0,
    1.0,
    1.0,
    1.0,
    1.0
  ],
  "diff_mean_acc": [
    0.99975,
    1.0,
    1.0,
    0.99975,
    1.0,
    1.0,
    1.0,
    1.0,
    1.0,
    1.0,
    1.0,
    0.99975,
    0.99975,
    1.0,
    1.0,
    1.0,
    1.0,
    1.0,
    1.0,
    1.0,
    1.0,
    1.0,
    1.0,
    1.0,
    1.0,
    1.0,
    1.0,
    1.0,
    1.0,
    1.0,
    1.0,
    1.0,
    1.0,
    1.0,
    1.0,
    1.0,
    1.0
  ],
  "pca_rank_analysis": {
    "0": {
      "1": 0.99125,
      "2": 1.0,
      "3": 1.0,
      "4": 1.0,
      "5": 1.0,
      "10": 1.0,
      "20": 1.0,
      "50": 1.0
    },
    "6": {
      "1": 1.0,
      "2": 1.0,
      "3": 1.0,
      "4": 1.0,
      "5": 1.0,
      "10": 1.0,
      "20": 1.0,
      "50": 1.0
    },
    "12": {
      "1": 1.0,
      "2": 1.0,
      "3": 1.0,
      "4": 1.0,
      "5": 1.0,
      "10": 1.0,
      "20": 1.0,
      "50": 1.0
    },
    "18": {
      "1": 1.0,
      "2": 1.0,
      "3": 1.0,
      "4": 1.0,
      "5": 1.0,
      "10": 1.0,
      "20": 1.0,
      "50": 1.0
    },
    "24": {
      "1": 1.0,
      "2": 1.0,
      "3": 1.0,
      "4": 1.0,
      "5": 1.0,
      "10": 1.0,
      "20": 1.0,
      "50": 1.0
    },
    "30": {
      "1": 1.0,
      "2": 1.0,
      "3": 1.0,
      "4": 1.0,
      "5": 1.0,
      "10": 1.0,
      "20": 1.0,
      "50": 1.0
    },
    "36": {
      "1": 1.0,
      "2": 1.0,
      "3": 1.0,
      "4": 1.0,
      "5": 1.0,
      "10": 1.0,
      "20": 1.0,
      "50": 1.0
    }
  }
}